key,value
gun-expect-relate-civil-receive-be.ps1,False
involve-trip-line-treat-in-if-manage.log,False
federal-top-no-deep.db,False
near-population-follow-or-for-each.log,False
professor-movie.csv,False
employee-add-degree-born-seem.log,False
draw-eat-office.csv,False
here-rule-however.csv,False
during-how-letter.html,False
great-number-road-agreement-tell.mp3,Review
somebody-term.pem,True
candidate-ahead.html,False
sure-leader-war.xlsx,False
bank-respond-a.pub,True
red-after-chance-add-agreement-yeah.log,False
export-t12-teneighty.jpg,Review
ipsum-eveniet.pdf,False
create-yeah-year.xlsx,False
organization-blood-shake-who-with.log,False
first-head-world.csv,False
mollitia.pdf,False
owner-growth.xlsx,False
sell-financial,Review
form-into-and-fire.xlsx,False
site-probably-add.xml,False
town-call-purpose-piece-painting-else.log,False
board-bed-protect.xlsx,False
where-network-form.html,False
name-behind-hard.pem,True
have-pick-save-pull.pub,False
whose-miss.csv,False
quisquam-maiores.pdf,False
bed-off-control.pub,False
sing-pattern.csv,True
subject-rate-green.xlsx,False
such-day-glass-happen-case.md,False
sea-idea-life.csv,False
citizen-budget-form-win-war.log,False
learn-knowledge.html,False
service-minute-side.py,False
fire-sell-around-by.pub,False
deal-ever-high-when-leave-street.ps1,False
might-democratic.html,False
over-nation-ever.csv,False
himself-half-late.html,False
both-strategy-or-direction-family.log,False
nesciunt-error.pdf,False
like-face-mouth.html,False
at-several-above.html,False
magni-nemo-vero.pdf,False
ten-also-store-want-build-best.log,False
will-way-could-head-goal-cost.log,False
bar-test-ability.xlsx,False
cold-consider.csv,False
illum-recusandae.pdf,False
ist-fressen-zur.pdf,False
generation-myself-science-per-social.log,True
zimmer-arbeiten.pdf,False
get-grow-land-yet.pem,True
dolore-nulla.pdf,False
if-war-miss-beyond-whatever-interview.log,True
dolorum-voluptate.msg,False
window-perhaps.html,False
ahead-player-media.pem,True
new-agree-quite-budget-treat.log,False
against-as-body.pub,False
fact-morning-expert-fly-method.md,False
speech-edge-role-site-event-book.md,False
cause-bit-book.html,False
evidence-smile-finally,Review
partner-eight-its.txt,False
institution-play-necessary.log,True
do-letter-police.html,False
amount-down-follow-suffer.ps1,False
manage-several.csv,True
plant-huge-success.xlsx,True
fish-response-month.pdf,False
inventore-veniam.pdf,False
few-affect-whatever.pem,True
goal-my-prepare.py,False
decide-firm-office.xlsx,False
verlieren-ihr-fest.pdf,False
treatment-politics,Review
foreign-here.db,False
porro-rem-numquam.pdf,False
authority.pem,True
imagine-effect.xlsx,False
within-state-really-thus-church-per.ps1,False
picture-republican.csv,False
wonder-sort-need-join-low-less.log,False
site-ask-remember.html,False
if-store-its-choice.xml,False
themselves-easy.jpg,Review
thing-effort-raise.csv,False
choose-mouth-play-everyone-cell.ps1,False
cup-party-thought-best-girl-sit.log,False
quo-tenetur-eveniet.pdf,False
key-measure-soon.csv,False
wenig-traurig-sache.pdf,False
the-what-generation.csv,False
huber-muster.png,Review
relate-politics-dream-study-big.log,False
interview-perform.pdf,True
consider-task-red.pdf,False
service-movement.pub,False
relate-plant-carry-increase-as-tax.md,False
pay-shoulder-give.pem,True
create-campaign-protect-fish.md,False
prevent-computer.pem,True
budget-point-store.csv,False
say-stuff-north.pem,True
pm-former-issue-role-federal.ps1,False
shake-note-believe.pem,True
participant-benefit.png,Review
base-lose-wear,Review
bar-tonight-board-else-much-size.log,False
we-important-speech.pem,True
simple-easy-finish-direction-reflect.md,False
college-case-have.xlsx,False
thought-knowledge-media-degree.log,False
seat-free-marriage.xlsx,False
turn-show-series.html,False
cold-nice-among.html,False
threat-physical-cover-professional.md,False
ask-agreement-sense.pub,False
sign-president.csv,False
share-quite-peace-its-page-study-such.log,False
actually-parent.pub,False
optio-inventore-ea.pdf,False
college-little.csv,False
gas-capital-win-can-such-pretty-reality.log,False
dog-including-pattern-physical.log,False
schauen-see-wollen.pdf,False
seite-gelb-wenig.pdf,False
hotel-north-artist,Review
end-myself-happy.csv,False
community-five-go.xml,False
five-kitchen-mr-million-partner.ps1,False
provident.pdf,False
sensitive-lotion.txt,True
animal-try-safe.html,False
rich-ability.pem,True
analysis-gas-and.xlsx,False
create-table-them-per-on-leg-first.ps1,False
former-public.db,True
congress-house-expect-take-nearly,Review
velit-voluptas.pdf,False
mission-both-often.csv,True
environment-note-total-per-look.md,False
form-firm-sister.csv,False
black-executive.xlsx,False
stay-blue-them-its.xml,False
avoid-speak-table.xlsx,False
ipsa-officia-non.pdf,False
dolore-libero-rem.pdf,False
idea-article-for-why-yes-than.log,False
go-benefit-chair.pub,False
make-television.pem,True
side-the-along-range-gas-argue.log,True
blue-mean-news-over.xlsx,False
since-on-argue.csv,False
marriage-management.xml,False
walk-lead-stage-no-including-very.csv,False
budget-spring-have-term-nation-close.log,False
officer-enjoy,Review
strong-television.xml,False
ding-jetzt-stellen.pdf,False
toward-enter-public-story-national-down.log,False
first-region-large.zip,Review
his-choice.csv,False
inside-certainly.pem,True
discussion-trip-certainly-player,Review
movement-one-next-campaign.md,False
letter-capital-lot-well-east-few-two.ps1,False
relationship-let.xlsx,False
forget-less-pay-deep-opportunity.mp3,Review
bit-final-night.html,False
hundred-face.xlsx,False
final-executive.csv,False
training-human-bag-case-seem-attention.md,False
success-who-side-that-news-federal.ps1,False
seek-ball-two-able-science-one.log,True
statement-choose-pick-bar-grow,Review
little-paper-forget.csv,False
mean-operation.html,False
technology-build-tv.pub,False
chair-when-think.zip,Review
research-artist-wear-international.mp3,Review
budget-game-their.zip,Review
pattern-exist-such-hour-team-huge-big.log,False
final-special.xlsx,False
real-various-six-hope-land-last.log,False
such-environmental,Review
floor-cut-ball.docx,False
aperiam-accusantium.pdf,False
cultural-himself-a.pdf,False
try-top-although.csv,False
edge-thought-can-name-country-memory.ps1,False
bauen-besser.pdf,False
autem-ratione-at.pdf,False
only-its-animal-end.zip,Review
while-exist-party-media-series.ps1,False
hour-store.csv,False
card-study-order.xlsx,False
professor-film-available-network.log,True
south-million-lead-billion-air,Review
field-subject.pem,True
interesting-break.pem,True
realize-another-job-important.log,False
resource-recent.xlsx,False
will-yourself-red.xlsx,False
certainly-obvious.csv,False
ok-ten-party-law-bar-need-one.log,False
difference-real.xlsx,True
he-much-suddenly.xlsx,False
kitchen-energy.html,False
become-song-close.pem,True
reality-indicate-still-daughter-red.md,False
second-local.xlsx,False
writer-floor-draw.txt,False
speak-beat-always-issue-total-cup.log,True
morning-from-tend.html,False
next-decision-whom-stand.md,False
population-good-amount-because.log,False
team-both-chance.docx,True
head-attention-hot-goal-meeting-why.ps1,False
some-forward-work.pub,False
really-method-or.csv,False
ago-this-as-simply.csv,False
begin-modern.csv,False
season-along-argue-step-figure.ps1,False
step-travel-two-let.xlsx,False
someone-ago-safe-occur-such.md,False
star-day-option.xml,False
reveal-consider.pub,False
citizen-major-hit-congress-full.md,False
everybody-the-light-many-professional.log,True
eius-nostrum-quod.pdf,False
step-suddenly.xml,False
east-road-challenge.pem,True
value-region-by.csv,False
thought-young-chair.png,Review
human-today-month,Review
tend-become-charge.py,False
ahead-form-citizen.xlsx,False
develop-deal-family-when-near-marriage.ps1,False
hospital-thing.csv,False
oil-several-eye.pem,True
environmental-rock-risk-kind.ps1,False
accept-name-above.pub,False
spring-trial-town.xlsx,False
life-appear-other.xlsx,False
such-understand.xlsx,False
education-rather-establish-increase.log,False
friend-open-economy.pdf,True
meta-object.jpg,Review
right-clearly.pem,True
win-common-positive-sea-assume.md,False
reality-consider-commercial-ready.log,False
fear-worry.html,False
important-popular.db,False
move-sea-number.png,Review
see-happy-story.xlsx,False
defense-couple-or-service-be.log,False
office-structure.pem,True
spend-me-always.xlsx,False
idea-experience-only-cup-player.md,False
study-compare.csv,False
feeling-nice-almost.csv,False
personal-call-might-remember-exist.log,False
labels.csv,False
ipsum-saepe-non-rem.pdf,False
hard-hear-method.xlsx,False
quas-repellendus.pdf,False
corrupti-inventore.pdf,False
section-method.csv,False
meeting-study-free-possible-these.md,False
some-know-all-phone.xlsx,False
heavy.pem,True
brother-item-film-yard-citizen-modern.ps1,False
difficult.csv,False
rise-recognize.jpg,Review
idea-beyond-policy.xlsx,False
wort-hangen-man.pdf,False
decade-more-product.xlsx,False
data-true-for-what-see-evidence.ps1,False
believe-exist-white.csv,False
stand-value-save.xlsx,True
financial-example-professor-short.ps1,False
platz-musik-eis.pdf,False
ten-summer-answer,Review
room-person-live-protect-high.md,False
sea-raise-fast-avoid-magazine-the.log,False
pariatur-dicta-quam.pdf,False
green-dark-whose-phone-public.md,False
sit-near-short-field-dark-start.ps1,False
quaerat-a-quia.msg,False
message-senior.png,Review
treatment-own-standard-eye-out-my.ps1,False
into-particular-win.xml,False
employee-rock-speak.csv,False
article-fire-across.pem,True
into-better-wrong-head-continue-need.ps1,False
strong-admit-tell-increase-although.ps1,False
recognize-little.db,False
choice-hit-trade-indicate-me-recent.log,False
half-modern.png,Review
company-expert-life-wear-indeed.md,False
chair-way-any-serve.xlsx,False
seven-expect.pem,True
defense-movement-up.csv,False
dicta-dicta-quaerat.pdf,False
point-see-modern,Review
reality-join-majority-think,Review
sollen-gehoren-nah.pdf,False
value-two-candidate-arrive-try.log,True
become-when-and-instead-himself,Review
member-inside-similar-bill-doctor.log,False
south-our-century-lose-job-but,Review
kid-quality-take.docx,False
hear-eat-property.csv,False
last-much-method.db,False
big-change-positive-walk-north-reach.ps1,False
autem-labore.pdf,False
data-kitchen-human.csv,False
democratic-teacher.xlsx,False
explain-respond.html,False
service-right.jpg,Review
more-store-leave.pem,True
everyone-member-gun-middle-seek.log,True
place-box-rich.xml,False
yet-you-age-must.xml,False
american-way-mean.html,False
daughter-reflect.html,False
ten-account.html,False
better-method.csv,True
anything-none-send.html,False
themselves-increase.db,False
admit-become-music-action-majority.mp3,Review
consider-dinner.csv,False
of-drop-carry-two.csv,False
hundred-generation.pem,True
report-wish-not.db,False
cost-control-mother-base-republican,Review
store-fly-process.pdf,True
necessary-receive-event,Review
pattern-oil.png,Review
future-far-officer-then-life-capital.log,False
short-international-likely-something.log,False
mind-career-ago.xlsx,False
certain-material.csv,False
build-a-body-cut.xlsx,False
government-tax-her.html,False
bank-source-head-whatever-six.md,False
catch-actually-bed.html,False
determine-capital.csv,False
error-tempore-id.pdf,False
probably-to-him-approach-sea,Review
effect-majority.xlsx,False
increase-her-next.pem,True
population-blue-sense-yet-central,Review
cupiditate-saepe.pdf,False
argue-first.html,False
aperiam-reiciendis.pdf,False
pariatur-eaque.pdf,False
eltern-uhr-sieben.pdf,False
down-night-former.xlsx,False
voice-nor-design.xlsx,False
another-open.csv,False
determine-heavy.csv,False
do-affect-sound-camera-arm-quickly.log,True
first-eye-instead.csv,False
suddenly-seven-do-people-place.md,False
carry-grow-today.pub,False
fight-alone-wall.py,False
blanditiis-quas.pdf,False
character-difficult-eight-tree-man.log,False
each-under-left-half-whatever.log,False
tv-leg-six-perform-which-site-eye.md,False
bed-off-control.pem,True
analysis-painting.jpg,Review
everybody-place.pdf,False
here-mention-war-foreign-then-ten.md,False
minus-ad-aliquid.pdf,False
third-town-recently.pub,False
skill-watch-family.xlsx,False
region-itself.pub,False
beat-begin-face.csv,False
international.xlsx,False
modern-former-seem.py,False
right-source-over-wall-ahead-check.log,False
velit-consectetur.pdf,False
odit-laudantium.pdf,False
raise-third-sound.pdf,True
life-painting-team.pub,False
often-though.csv,False
including-sound.xlsx,False
bad-follow-even.docx,False
environment-world.xlsx,False
far-let-because.csv,False
ever-should-writer.html,False
cumque-debitis-sed.pdf,False
church-just-there.xlsx,True
she-identify-carry.html,False
mrs-popular-control.pub,False
grow-agency-baby-ever-stay-test.csv,False
service-employee.xlsx,False
buy-president-baby.pub,False
memory-culture-big.xml,False
computer-always-air-because-lay.ps1,False
not-address-state-medical-general.log,False
offer-national-rate-walk-nature.log,False
air-everybody-talk.txt,False
whose-sort-end.zip,Review
bit-structure,Review
stuff-heavy-paper.pub,False
often-simply.xlsx,False
republican-accept.db,False
offer-order-remain-dog-never.md,False
organization-north-wife-space-rich.ps1,False
home-ago-official.csv,False
light-whole-recent.xlsx,False
trade-community.db,False
talk-apply-pay.html,False
eligendi-labore-a.pdf,False
onto-north-central.html,False
fish-five-finally-store-than-foreign,Review
btc-cwd.jpg,Review
wait-newspaper-rate-bring-skill.log,False
market-floor.xlsx,False
threat-exactly.csv,True
fish-prepare-walk-agency-entire-focus.log,False
id-distinctio.pdf,False
resource-figure.csv,False
wait-business-must-we-just-yet,Review
piece-weight-middle-head-stuff-would,Review
professor-away-type-style-school-later.md,False
road-on-third.pub,True
like-whether-cut.csv,False
imagine-positive-leader-hold-crime,Review
quality-general.csv,False
vero-ex-corrupti.pdf,False
couple-start.txt,False
distinctio-incidunt.pdf,False
quaerat-eius-modi.pdf,False
bank-white-shoulder.html,False
perform-week-note,Review
view-reveal-realize.txt,False
hand-out-yes-stand-create-player-black.ps1,False
field-remember-meet-want-beautiful-like.md,False
west-total-million-quality-large-hear.log,False
serious-develop.xlsx,False
visit-very-increase,Review
want-cover-then-spring-last-you.md,False
inventore.pdf,False
final-agreement.html,False
schlimm-durfen.pdf,False
tree-decade-follow,Review
represent.pem,True
realize-much-in.html,False
edge-local-give-on-piece-natural.log,False
need-plant-reach.xml,False
summer-someone-cell-happy-around-red,Review
be-pass-bad-east,Review
libero-expedita-non.pdf,False
million-three-movie.pem,True
store-note-four.xlsx,False
east-join-thus-his-then-book.ps1,False
deep-citizen.csv,False
great-crime-lay.xlsx,False
forward-example.png,Review
order-key-agency.docx,False
during-city-manage.xlsx,False
maybe-third-despite.csv,False
huge-stock.db,True
every-seem-decade.csv,False
read-six-last-prove-off-tonight-brother.log,False
might-walk-growth.pub,True
everyone-win-first.pub,True
role-eight-play-arm-southern-property.log,False
voluptas-sapiente.png,Review
range-home-view.pem,True
else-do-little.pem,True
force-apply-fear-game-forward-owner.md,False
have-shoulder.html,False
amount-discussion.png,Review
begin-wonder-center-consumer-my-task.log,False
question-standard-late-later-work-box,Review
einmal-sehr.pdf,False
resource-ball-kid-position.log,True
four-evening-stuff.csv,False
price-my-particular-officer-yet.log,True
others-well-issue.xlsx,False
method-choice-during-not-receive.log,False
from-modern-perform-financial.log,True
key-play-difficult-right-technology,Review
etwas-dort-fu-bild.pdf,False
while-hundred-list.db,True
year-within-class-fish-agent.md,False
treat-in-area-be-catch-young-talk.log,False
age-security-middle-economic-law-book.log,False
apply-kid-enjoy-think-road-no-again,Review
can-state-land.pub,False
daughter-turn-will.xlsx,False
else-page-tough-business-meet-less.log,False
physical-mrs-will.html,False
their-financial.pem,True
she-sign-thus-else.pub,False
act-girl-raise-word-kind-south-student.log,False
security-along.html,False
great-compare-loss.pdf,False
style-firm-claim.txt,True
bit-throughout-stay.xlsx,False
themselves-pay-most-involve-guess,Review
defense-year-catch.pem,True
material-either.pdf,True
force-agreement.pem,True
design-watch-create.pem,True
others-subject.xlsx,False
vielleicht-holen.pdf,False
finger-treffen.pdf,False
wall-memory.xlsx,False
visit-too-believe.txt,False
vel-fugiat.msg,False
meta-export.jpg,Review
happen-world-guess.xlsx,False
skin-course-moment.pub,False
money-rather-which,Review
staff-go-pull-learn.pub,False
mr-rest-unit-bring.html,False
material-local-pick-lose-machine.log,False
throw-theory-member.html,False
soon-according-task-local-movie.log,False
zehn-durch-doch.pdf,False
benefit-majority.html,False
raise-visit-hope.html,False
can-head-technology-employee-senior.log,False
truth-level-policy.html,False
future-if-summer.xlsx,False
develop-throughout.xlsx,False
year-toward-wish.pub,False
name-turn-add-take.html,False
whether-necessary.pem,True
skin-radio-how,Review
hold-training.pem,True
stuff-although-they,Review
evidence-message.xlsx,False
truth-last-although.csv,False
back-close-agree.txt,False
such-prepare-song,Review
trip-receive-common-remember-certainly.ps1,False
indicate-night-born-watch-loss-one.ps1,False
mama-man-wahr-nah.pdf,False
product-phone-most-number-authority.log,True
case-car-lay-report.xlsx,False
good-many-that-draw.db,False
five-including-bar-shoulder-spend.md,False
near-open-approach-accept-live-since.log,False
optio-laborum.pdf,False
morning-stay-ask.xlsx,False
each-ground-can-writer-draw-whom.ps1,False
history-star-former-station.log,True
bed-read-son,Review
themselves-agent,Review
system-time-nation.pdf,True
improve-leave-type.csv,False
republican-young-room-their.md,False
into-four-simply.xml,False
social-help-answer-answer-job.md,False
year-toward-wish.pem,True
enjoy-financial-black-reflect.log,False
establish-media.docx,False
truth-why-grow,Review
law-town-offer-too.xlsx,True
success-choose.xlsx,False
so-political-common.pem,True
other-understand-involve-imagine.md,False
factor-western.pdf,True
campaign-any-too.db,False
nemo-aperiam.pdf,False
current-bit-science.xlsx,False
incidunt-officia.msg,True
total-quickly.xlsx,False
health-woman-center-explain-production,Review
key-job-heavy-town-religious.log,False
qui-debitis.msg,False
voice-none-also-material-word.log,False
production-right-significant-go.md,False
bring-who-manager-organization-chance.ps1,False
especially-throw-eat-road-statement.log,False
molestiae.pdf,False
husband-option-fall.html,False
seat-moment-service.html,False
describe-do.csv,False
again-civil-trade.pem,True
vote-provide-seem-result-marriage.log,False
indeed-dog-late.csv,False
my-new-accept-pay.csv,False
add-make-manager.html,False
western-he.csv,False
stand-rule-politics,Review
offer-single-green-reason-choice.log,False
visit-arm-day.db,False
find-they.xlsx,False
bett-mann-tief.pdf,False
right-right-usually-over-arrive-medical.md,False
candidate-work.csv,False
at-face-movie-hit-trip-recognize.md,False
remain-create-study.csv,False
despite-head-hit-continue-able.log,False
save-know-mr-choice-ago-none.md,False
avoid-finish-pm.csv,False
develop-or-build.pdf,False
before-focus-ten.html,False
wear-growth-ask-by-south-design-down.md,False
table-start-cost.xlsx,False
he-surface-soon.csv,False
want-record-home.pem,True
throw-wind-market.xlsx,False
around-goal-head.csv,False
image-talk-point-ball-commercial.ps1,False
model-congress.xlsx,False
a-station-yet-watch-enough-pay-industry.csv,False
ist-neu-geben-licht.pdf,False
hundred-someone.xlsx,True
nor-public-join-me.csv,True
per-movement.xlsx,True
again-tax-environment.md,False
keep-election-close.pdf,False
fill-fine-identify.db,True
window-region-hit.zip,Review
else-outside.html,False
serve-specific.html,False
foot-front-until-image-whatever.md,False
mollitia-quo-autem.msg,False
key-air-imagine.csv,False
particularly-critical.csv,False
free-southern-close.html,False
travel-man-perform-feel-game-action.log,False
door-rule-low.pem,True
pressure-hour-car-eight.log,False
either-research.docx,False
laugh-subject-good.pem,True
simple-however-also.html,False
dicta-est-corporis.pdf,False
system-how-language-prove-remain.md,False
provident-vel.pdf,False
author-none-senior.pub,False
somebody-politics.pdf,False
economy-baby-change-reduce-several-seem.md,False
safe-pressure.xlsx,False
natural-stage-their-play-seem-question.md,False
next-suggest.html,False
score-phone-station-form.ps1,False
town-grow-might-television-pressure.md,False
degree-happy-career.xlsx,False
need-east-health.py,False
out-whose-enter-today-social-be.md,False
station-someone.csv,False
somebody-above-even-very-safe.ps1,False
perferendis.pdf,False
interest-successful.csv,False
really-scientist.csv,True
west-power-yourself.xlsx,False
letter-style-them-teach-institution,Review
space-resource.pub,False
follow-turn-them-audience.md,False
you-front-while-heavy-professional.log,False
product-enough-far.xlsx,False
doctor-skin-want.zip,Review
week-we-page-almost-response-other.log,True
that-specific-enter.csv,False
field-again-machine.png,Review
event-control-perhaps-oil-pass.log,False
near-treatment.py,False
development-budget.db,False
veniam-quisquam.pdf,False
realize-professor-final-how-small-by.ps1,False
decide-everything.docx,False
could-could-model.pem,True
quam-accusantium.pdf,False
take-a-professor,Review
nam-minus-nemo.pdf,False
follow-shake-way.csv,False
although-tv-wide-american.log,False
blue-admit-kitchen.html,False
red-example-trial,Review
become-song-close.pub,False
standard-relate-process-sport-next.ps1,False
esse-ipsum.pdf,False
long-believe.html,False
go-benefit-chair.pem,True
every-million-drive.csv,False
harum-quam-saepe.pdf,False
pressure-main.py,False
baby-thing-follow.docx,True
would-him-entire.csv,True
do-own-better.pem,True
head-especially-great-every.ps1,False
score-professional.html,False
enim-at.pdf,False
tv-necessary-piece.xlsx,False
husband-view.xlsx,False
scene-prepare.pem,True
condition-glass.xml,False
deserunt-recusandae.pdf,False
full-central-large-outside-event.log,True
produce-player-key.pub,False
too-officer.pub,False
none-mention-only.pem,True
edge-type-relate.db,False
hour-land-center.csv,False
recognize-also.pub,False
quisquam.pdf,False
what-difficult-usually-pm-fill.md,False
just-similar-which-girl-herself-model.ps1,False
individual-raise.pem,True
significant-use.csv,False
escrow-ether.png,Review
us-thought-probably.csv,True
debitis.msg,True
ground-win-check-face-possible-law.md,False
auf-gegen-sonne.pdf,False
particular-become-after-never.md,False
politics-way-money.html,False
role-six-whole-single-enough-think,Review
practice-soldier-class-age-recently.md,False
fish-fine-week.xlsx,False
later-at-provide.xlsx,False
place-myself-home.pub,False
station-stand-pull.xlsx,False
she-strategy-many-to-positive-if.log,False
growth-relationship.docx,True
newspaper-adult-speech-wonder-bill.ps1,False
wish-herself-friend.xlsx,False
foreign-which-top-student-six-bag.ps1,False
six-last-behavior.csv,False
chair-would-item.xlsx,False
dolores-sunt.pdf,False
ipsum-consequuntur.pdf,False
maxime-harum.pdf,False
peace-culture-my-pretty-move-just.ps1,False
represent-able-we,Review
while-remain-reach.csv,False
sign-machine.xlsx,False
voluptatum.pdf,False
firm-chair-say-gun-get-nature-although.ps1,False
religious-speech.pub,False
one-edge-power-next.py,False
system-from-important-tree-add.ps1,False
edge-foot-miss.pub,False
item-someone-side,Review
away-player-win.pub,False
response-since-save-tv-night.md,False
factor-prevent.docx,False
expect-will-person.zip,Review
everyone-chair-economic-nearly.md,False
throw-peace-act-stage-nice-perform.log,True
line-above-father-current-student.md,False
tempore-deserunt.pdf,False
piece-piece-spring.txt,False
none-senior-hour.pem,True
quo-quia-labore.pdf,False
quasi-debitis.pdf,False
onto-ground-store.zip,Review
authority-once-blue-trial-mean-but,Review
trip-claim-blood.csv,False
trade-old-get-skin-general-party-would.log,False
fly-camera-book.xml,True
process-song-during.db,False
huge-least-program-mouth-build.log,False
fact-experience-prepare-minute.log,False
day-sport-against.csv,False
measure-card-long-while-coach-table.md,False
direction-wish.csv,False
century-recently.xlsx,True
trouble-if-safe.xlsx,True
voluptatem-minima.jpg,Review
cumque-repellat.pdf,False
time-rich-city-pattern-land-staff,Review
only-room-night-nor-rule-case-day.md,False
stark-nase-oma.pdf,False
fear-pattern-agree.html,False
within-resource.xml,True
product-task-worker-miss-investment.mp3,Review
specific-happen-explain-member-sure.mp3,Review
necessary-lawyer.xlsx,False
growth-anything-message-form-make.md,False
benefit-local-must-feel-even-sometimes.md,False
water-could-treat-be-nothing-specific.md,False
avoid-pass-service-themselves-mouth.md,False
pretty-draw-phone-difficult-who-fly.log,False
deleniti-est-sit.pdf,False
cover-feeling-radio-occur-always.log,False
approach-suggest.csv,False
none-finally-certainly-us-boy.ps1,False
world-southern-feel-personal-benefit.md,False
illo-id-et-ullam.jpg,Review
responsibility-born.pem,True
form-tend-we.html,False
sorted,Review
impedit-placeat.pdf,False
stand-middle-really-whole-that-police.log,False
difference-table.xlsx,True
happy-hand-reach.xlsx,False
various-more-leader.csv,True
might-how-tough-century-describe.md,False
in-velit-aliquid.py,False
feel-whether-eight-condition-car-class.log,True
race-specific.pub,False
prevent-computer.pub,False
middle-alone.pem,True
none-detail-late-choice-same-or-risk.log,False
up-produce-front.pem,True
ok-middle-region.html,False
light-production-because-fly-year.md,False
course-republican-necessary-reveal.log,True
risk-follow-machine-them-easy-word-hold,Review
feeling-west-at-decide-career,Review
evening-can-up.csv,True
special-account-current-reflect.md,False
near-light-run.pem,True
eat-go-center-year.pdf,False
see-bag-society-six-effect-speech,Review
realize-little-garden-condition.md,False
follow-especially.xlsx,False
eat-line-six-total.xlsx,False
business-stand-rest-drop-pass-find.log,False
director-once-night.xlsx,False
among-defense-us.db,False
space-door-result.pem,True
example-shoulder.docx,False
start-raise-say.zip,Review
federal-run.pub,False
station-although.csv,False
teach-nature-drop.xlsx,False
north-wonder-so-keep-heavy-too.md,False
live-attention.xml,False
within-market.xlsx,True
contain-film-cell-father-ball.ps1,False
top-rich-wait-lot.xlsx,False
how-majority.pem,True
international.csv,False
make-per-foot.csv,False
including-get.xml,False
turn-bed-standard-serve-nice-research.log,False
porro-explicabo.pdf,False
ahead-crime-cost-participant-behind.ps1,False
exercitationem-iure.pdf,False
bar-court-bill-wait-final-question.ps1,False
